INSERT INTO TB_BLOCO (ID_BLOCO,NM_BLOCO) VALUES (1,'Azul');
INSERT INTO TB_BLOCO (ID_BLOCO,NM_BLOCO) VALUES (2,'Verde');
INSERT INTO TB_BLOCO (ID_BLOCO,NM_BLOCO) VALUES (3,'Amarelo');
INSERT INTO TB_BLOCO (ID_BLOCO,NM_BLOCO) VALUES (4,'Lilás');
INSERT INTO TB_BLOCO (ID_BLOCO,NM_BLOCO) VALUES (5,'Vermelho');

INSERT INTO TB_EMPREENDIMENTO (ID_EMPREENDIMENTO,NM_EMPREENDIMENTO) VALUES (1,'Constatino de Souza');
INSERT INTO TB_EMPREENDIMENTO (ID_EMPREENDIMENTO,NM_EMPREENDIMENTO) VALUES (2,'Lins de Vasconcelos');
INSERT INTO TB_EMPREENDIMENTO (ID_EMPREENDIMENTO,NM_EMPREENDIMENTO) VALUES (3,'Cyrela Legacy Campo Belo');
INSERT INTO TB_EMPREENDIMENTO (ID_EMPREENDIMENTO,NM_EMPREENDIMENTO) VALUES (4,'Living Alto do Ipiranga');
INSERT INTO TB_EMPREENDIMENTO (ID_EMPREENDIMENTO,NM_EMPREENDIMENTO) VALUES (5,'Cyrela Atmosfera 360º');
INSERT INTO TB_EMPREENDIMENTO (ID_EMPREENDIMENTO,NM_EMPREENDIMENTO) VALUES (6,'Cyrela On The Parc by Yoo');
INSERT INTO TB_EMPREENDIMENTO (ID_EMPREENDIMENTO,NM_EMPREENDIMENTO) VALUES (7,'Wonder by Praças da Cidade');
INSERT INTO TB_EMPREENDIMENTO (ID_EMPREENDIMENTO,NM_EMPREENDIMENTO) VALUES (8,'Cyrela For Moema');
INSERT INTO TB_EMPREENDIMENTO (ID_EMPREENDIMENTO,NM_EMPREENDIMENTO) VALUES (9,'Living Vila Mariana');
INSERT INTO TB_EMPREENDIMENTO (ID_EMPREENDIMENTO,NM_EMPREENDIMENTO) VALUES (10,'Living Ipiranga');
INSERT INTO TB_EMPREENDIMENTO (ID_EMPREENDIMENTO,NM_EMPREENDIMENTO) VALUES (11,'Panorama Vila Romana');
INSERT INTO TB_EMPREENDIMENTO (ID_EMPREENDIMENTO,NM_EMPREENDIMENTO) VALUES (12,'Isla by Cyrela');
INSERT INTO TB_EMPREENDIMENTO (ID_EMPREENDIMENTO,NM_EMPREENDIMENTO) VALUES (13,'Atmosfera Vila Mariana');
INSERT INTO TB_EMPREENDIMENTO (ID_EMPREENDIMENTO,NM_EMPREENDIMENTO) VALUES (14,'One Park Perdizes');
INSERT INTO TB_EMPREENDIMENTO (ID_EMPREENDIMENTO,NM_EMPREENDIMENTO) VALUES (15,'Cyrela Iconyc');
INSERT INTO TB_EMPREENDIMENTO (ID_EMPREENDIMENTO,NM_EMPREENDIMENTO) VALUES (16,'Glass Art by YOO');
INSERT INTO TB_EMPREENDIMENTO (ID_EMPREENDIMENTO,NM_EMPREENDIMENTO) VALUES (17,'MOMENTO MOTA PAIS');
INSERT INTO TB_EMPREENDIMENTO (ID_EMPREENDIMENTO,NM_EMPREENDIMENTO) VALUES (18,'Skyline Jockey');
INSERT INTO TB_EMPREENDIMENTO (ID_EMPREENDIMENTO,NM_EMPREENDIMENTO) VALUES (19,'Cyrela Mond');
INSERT INTO TB_EMPREENDIMENTO (ID_EMPREENDIMENTO,NM_EMPREENDIMENTO) VALUES (20,'Living Near Pacaembu');
INSERT INTO TB_EMPREENDIMENTO (ID_EMPREENDIMENTO,NM_EMPREENDIMENTO) VALUES (21,'Praças da Cidade - Praça Mooca');
INSERT INTO TB_EMPREENDIMENTO (ID_EMPREENDIMENTO,NM_EMPREENDIMENTO) VALUES (22,'Heritage Cyrela');
INSERT INTO TB_EMPREENDIMENTO (ID_EMPREENDIMENTO,NM_EMPREENDIMENTO) VALUES (23,'Praças da Cidade');
INSERT INTO TB_EMPREENDIMENTO (ID_EMPREENDIMENTO,NM_EMPREENDIMENTO) VALUES (24,'One Sixty');
INSERT INTO TB_EMPREENDIMENTO (ID_EMPREENDIMENTO,NM_EMPREENDIMENTO) VALUES (25,'Villa Lobos Office Park');
INSERT INTO TB_EMPREENDIMENTO (ID_EMPREENDIMENTO,NM_EMPREENDIMENTO) VALUES (26,'Misti Morumbi');
INSERT INTO TB_EMPREENDIMENTO (ID_EMPREENDIMENTO,NM_EMPREENDIMENTO) VALUES (27,'Cyrela by Pininfarina');
INSERT INTO TB_EMPREENDIMENTO (ID_EMPREENDIMENTO,NM_EMPREENDIMENTO) VALUES (28,'Cyrela Classic Lapa');

INSERT INTO TB_UNIDADE (ID_UNIDADE,NR_UNIDADE) VALUES (1,1);
INSERT INTO TB_UNIDADE (ID_UNIDADE,NR_UNIDADE) VALUES (2,2);
INSERT INTO TB_UNIDADE (ID_UNIDADE,NR_UNIDADE) VALUES (3,3);
INSERT INTO TB_UNIDADE (ID_UNIDADE,NR_UNIDADE) VALUES (4,4);
INSERT INTO TB_UNIDADE (ID_UNIDADE,NR_UNIDADE) VALUES (5,5);
INSERT INTO TB_UNIDADE (ID_UNIDADE,NR_UNIDADE) VALUES (6,6);
INSERT INTO TB_UNIDADE (ID_UNIDADE,NR_UNIDADE) VALUES (7,7);
INSERT INTO TB_UNIDADE (ID_UNIDADE,NR_UNIDADE) VALUES (8,8);
INSERT INTO TB_UNIDADE (ID_UNIDADE,NR_UNIDADE) VALUES (9,9);
INSERT INTO TB_UNIDADE (ID_UNIDADE,NR_UNIDADE) VALUES (10,10);
INSERT INTO TB_UNIDADE (ID_UNIDADE,NR_UNIDADE) VALUES (11,11);
INSERT INTO TB_UNIDADE (ID_UNIDADE,NR_UNIDADE) VALUES (12,12);
INSERT INTO TB_UNIDADE (ID_UNIDADE,NR_UNIDADE) VALUES (13,13);
INSERT INTO TB_UNIDADE (ID_UNIDADE,NR_UNIDADE) VALUES (14,14);
INSERT INTO TB_UNIDADE (ID_UNIDADE,NR_UNIDADE) VALUES (15,15);
INSERT INTO TB_UNIDADE (ID_UNIDADE,NR_UNIDADE) VALUES (16,16);
INSERT INTO TB_UNIDADE (ID_UNIDADE,NR_UNIDADE) VALUES (17,17);
INSERT INTO TB_UNIDADE (ID_UNIDADE,NR_UNIDADE) VALUES (18,18);
INSERT INTO TB_UNIDADE (ID_UNIDADE,NR_UNIDADE) VALUES (19,19);
INSERT INTO TB_UNIDADE (ID_UNIDADE,NR_UNIDADE) VALUES (20,20);

--INSERT INTO TB_ATV_AGENDADA (ID_AGENDA,ACTUALSTART,ACTUALEND,PJO_TIPODEATIVIDADE,SUBJECT,PJO_EMPREENDIMENTOID,PJO_BLOCOID,PJO_UNIDADEID) VALUES (5,TIMESTAMP'2021-01-15 00:00:00.0',TIMESTAMP'2021-01-17 00:00:00.0','Visita','Visitar empreendimento Lins',2,2,18)
--INSERT INTO TB_ATV_AGENDADA (ID_AGENDA,ACTUALSTART,ACTUALEND,PJO_TIPODEATIVIDADE,SUBJECT,PJO_EMPREENDIMENTOID,PJO_BLOCOID,PJO_UNIDADEID) VALUES (1,TIMESTAMP'2020-10-10 00:00:00.0',TIMESTAMP'2020-11-10 00:00:00.0','Dúvida','Dúvida de m²',8,2,1)
--INSERT INTO TB_ATV_AGENDADA (ID_AGENDA,ACTUALSTART,ACTUALEND,PJO_TIPODEATIVIDADE,SUBJECT,PJO_EMPREENDIMENTOID,PJO_BLOCOID,PJO_UNIDADEID) VALUES (2,TIMESTAMP'2020-11-11 00:00:00.0',TIMESTAMP'2021-02-12 00:00:00.0','Contrato','Assinar Contrato',2,3,20)
--INSERT INTO TB_ATV_AGENDADA (ID_AGENDA,ACTUALSTART,ACTUALEND,PJO_TIPODEATIVIDADE,SUBJECT,PJO_EMPREENDIMENTOID,PJO_BLOCOID,PJO_UNIDADEID) VALUES (6,TIMESTAMP'2021-04-12 00:00:00.0',TIMESTAMP'2021-05-20 00:00:00.0','Contratos','Assinar',1,4,1)
--INSERT INTO TB_ATV_AGENDADA (ID_AGENDA,ACTUALSTART,ACTUALEND,PJO_TIPODEATIVIDADE,SUBJECT,PJO_EMPREENDIMENTOID,PJO_BLOCOID,PJO_UNIDADEID) VALUES (7,TIMESTAMP'2021-04-10 00:00:00.0',TIMESTAMP'2021-06-21 00:00:00.0','Cancelamento de Contrato','Cancelamento de Contrato',12,5,18)
--INSERT INTO TB_ATV_AGENDADA (ID_AGENDA,ACTUALSTART,ACTUALEND,PJO_TIPODEATIVIDADE,SUBJECT,PJO_EMPREENDIMENTOID,PJO_BLOCOID,PJO_UNIDADEID) VALUES (3,TIMESTAMP'2020-11-11 00:00:00.0',TIMESTAMP'2021-02-12 00:00:00.0','Contrato','Assinar Contrato',2,2,2)
--INSERT INTO TB_ATV_AGENDADA (ID_AGENDA,ACTUALSTART,ACTUALEND,PJO_TIPODEATIVIDADE,SUBJECT,PJO_EMPREENDIMENTOID,PJO_BLOCOID,PJO_UNIDADEID) VALUES (4,TIMESTAMP'2020-11-11 00:00:00.0',TIMESTAMP'2021-02-12 00:00:00.0','Contrato','Assinar Contrato',2,2,2)

INSERT INTO TB_OCORRENCIA (ID_OCORRENCIA,TICKETNUMBER,PJO_CLIENTEDAUNIDADE,PJO_EMPREENDIMENTOID,PJO_BLOCO,PJO_UNIDADE,PJO_BANDEIRA,DESCRIPTION) VALUES (3,876621212,'Luiz Henrique',9,1,5,'Bandeira 8','Teste 3 kkkk')
INSERT INTO TB_OCORRENCIA (ID_OCORRENCIA,TICKETNUMBER,PJO_CLIENTEDAUNIDADE,PJO_EMPREENDIMENTOID,PJO_BLOCO,PJO_UNIDADE,PJO_BANDEIRA,DESCRIPTION) VALUES (1,876544567,'Henrique',7,3,20,'Bandeira 6','Teste de Descrição')
INSERT INTO TB_OCORRENCIA (ID_OCORRENCIA,TICKETNUMBER,PJO_CLIENTEDAUNIDADE,PJO_EMPREENDIMENTOID,PJO_BLOCO,PJO_UNIDADE,PJO_BANDEIRA,DESCRIPTION) VALUES (2,876621211,'Luiz',21,5,8,'Bandeira 2','Outro teste')
INSERT INTO TB_OCORRENCIA (ID_OCORRENCIA,TICKETNUMBER,PJO_CLIENTEDAUNIDADE,PJO_EMPREENDIMENTOID,PJO_BLOCO,PJO_UNIDADE,PJO_BANDEIRA,DESCRIPTION) VALUES (4,876621212,'Luiz Ferreira',19,2,18,'Bandeira 1','Uma descrição aleatória')
